player,bat_matches,innings_batted,not_out,runs,highest_inns_score,batting_average,balls_faced,strike_rate_x,hundreds_scored,fifties_scored,ducks_scored,boundary_fours,boundary_sixes,Player,bowl_matches,innings_bowled,balls,overs,maidens_earned,conceded,wicket,best_innings_bowling,bowling_average,economy_rate,strike_rate_y,four_wickets,five_wickets,best_wickets,best_runs,field_matches,innings,catches,maximum_innings_catches,catches_per_innings,wk_matches,innings_as_keeper,dismissed,caught_as_a_keeper,stumpings,maximum_dismissals_per_innings,dismissials_per_innings
A Bohara ,0.0,0.0,0.0,0.0,0.0,0.0,0.0,0.0,0.0,0.0,0.0,0.0,0.0,0,9.0,8.0,138.0,23.0,1.0,173.0,7.0,3/17,24.71,7.52,19.71,0.0,0.0,3.0,17.0,9.0,9.0,2.0,1.0,0.222,0.0,0.0,0.0,0.0,0.0,0.0,0.0
A Bohara (SPR),9.0,2.0,2.0,2.0,2.0,0.0,3.0,66.66,0.0,0.0,0.0,0.0,0.0,A Bohara ,0.0,0.0,0.0,0.0,0.0,0.0,0.0,0,0.0,0.0,0.0,0.0,0.0,0.0,0.0,0.0,0.0,0.0,0.0,0.0,0.0,0.0,0.0,0.0,0.0,0.0,0.0
A Gharti ,0.0,0.0,0.0,0.0,0.0,0.0,0.0,0.0,0.0,0.0,0.0,0.0,0.0,0,0.0,0.0,0.0,0.0,0.0,0.0,0.0,0,0.0,0.0,0.0,0.0,0.0,0.0,0.0,9.0,9.0,2.0,1.0,0.222,0.0,0.0,0.0,0.0,0.0,0.0,0.0
A Gharti (KAY),9.0,7.0,1.0,79.0,33.0,13.16,72.0,109.72,0.0,0.0,0.0,5.0,3.0,A Gharti ,0.0,0.0,0.0,0.0,0.0,0.0,0.0,0,0.0,0.0,0.0,0.0,0.0,0.0,0.0,0.0,0.0,0.0,0.0,0.0,0.0,0.0,0.0,0.0,0.0,0.0,0.0
A Ghiraiya ,0.0,0.0,0.0,0.0,0.0,0.0,0.0,0.0,0.0,0.0,0.0,0.0,0.0,0,0.0,0.0,0.0,0.0,0.0,0.0,0.0,0,0.0,0.0,0.0,0.0,0.0,0.0,0.0,6.0,6.0,1.0,1.0,0.166,0.0,0.0,0.0,0.0,0.0,0.0,0.0
A Ghiraiya (LUL),6.0,6.0,0.0,44.0,16.0,7.33,70.0,62.85,0.0,0.0,1.0,5.0,1.0,A Ghiraiya ,0.0,0.0,0.0,0.0,0.0,0.0,0.0,0,0.0,0.0,0.0,0.0,0.0,0.0,0.0,0.0,0.0,0.0,0.0,0.0,0.0,0.0,0.0,0.0,0.0,0.0,0.0
A Kharel ,0.0,0.0,0.0,0.0,0.0,0.0,0.0,0.0,0.0,0.0,0.0,0.0,0.0,0,5.0,5.0,84.0,14.0,0.0,123.0,5.0,3/26,24.6,8.78,16.8,0.0,0.0,3.0,26.0,5.0,5.0,1.0,1.0,0.2,0.0,0.0,0.0,0.0,0.0,0.0,0.0
A Kharel (BIK),5.0,3.0,3.0,17.0,10.0,0.0,19.0,89.47,0.0,0.0,0.0,2.0,0.0,A Kharel ,0.0,0.0,0.0,0.0,0.0,0.0,0.0,0,0.0,0.0,0.0,0.0,0.0,0.0,0.0,0.0,0.0,0.0,0.0,0.0,0.0,0.0,0.0,0.0,0.0,0.0,0.0
A Saud ,0.0,0.0,0.0,0.0,0.0,0.0,0.0,0.0,0.0,0.0,0.0,0.0,0.0,0,0.0,0.0,0.0,0.0,0.0,0.0,0.0,0,0.0,0.0,0.0,0.0,0.0,0.0,0.0,6.0,0.0,0.0,0.0,0.0,6.0,6.0,4.0,1.0,3.0,2.0,0.666
A Saud (LUL),6.0,6.0,0.0,68.0,20.0,11.33,71.0,95.77,0.0,0.0,1.0,9.0,1.0,A Saud ,0.0,0.0,0.0,0.0,0.0,0.0,0.0,0,0.0,0.0,0.0,0.0,0.0,0.0,0.0,0.0,0.0,0.0,0.0,0.0,0.0,0.0,0.0,0.0,0.0,0.0,0.0
A Shrestha ,0.0,0.0,0.0,0.0,0.0,0.0,0.0,0.0,0.0,0.0,0.0,0.0,0.0,0,0.0,0.0,0.0,0.0,0.0,0.0,0.0,0,0.0,0.0,0.0,0.0,0.0,0.0,0.0,1.0,1.0,0.0,0.0,0.0,0.0,0.0,0.0,0.0,0.0,0.0,0.0
A Shrestha (SPR),1.0,1.0,0.0,1.0,1.0,1.0,5.0,20.0,0.0,0.0,0.0,0.0,0.0,A Shrestha ,0.0,0.0,0.0,0.0,0.0,0.0,0.0,0,0.0,0.0,0.0,0.0,0.0,0.0,0.0,0.0,0.0,0.0,0.0,0.0,0.0,0.0,0.0,0.0,0.0,0.0,0.0
A Tripathi ,0.0,0.0,0.0,0.0,0.0,0.0,0.0,0.0,0.0,0.0,0.0,0.0,0.0,0,0.0,0.0,0.0,0.0,0.0,0.0,0.0,0,0.0,0.0,0.0,0.0,0.0,0.0,0.0,3.0,3.0,1.0,1.0,0.333,0.0,0.0,0.0,0.0,0.0,0.0,0.0
A Tripathi (JAB),3.0,3.0,1.0,19.0,13.0,9.5,30.0,63.33,0.0,0.0,0.0,1.0,0.0,A Tripathi ,0.0,0.0,0.0,0.0,0.0,0.0,0.0,0,0.0,0.0,0.0,0.0,0.0,0.0,0.0,0.0,0.0,0.0,0.0,0.0,0.0,0.0,0.0,0.0,0.0,0.0,0.0
A Yadav ,0.0,0.0,0.0,0.0,0.0,0.0,0.0,0.0,0.0,0.0,0.0,0.0,0.0,0,5.0,3.0,48.0,8.0,0.0,69.0,3.0,2/16,23.0,8.62,16.0,0.0,0.0,2.0,16.0,5.0,5.0,4.0,3.0,0.8,0.0,0.0,0.0,0.0,0.0,0.0,0.0
A Yadav (JAB),5.0,3.0,0.0,12.0,11.0,4.0,24.0,50.0,0.0,0.0,1.0,0.0,0.0,A Yadav ,0.0,0.0,0.0,0.0,0.0,0.0,0.0,0,0.0,0.0,0.0,0.0,0.0,0.0,0.0,0.0,0.0,0.0,0.0,0.0,0.0,0.0,0.0,0.0,0.0,0.0,0.0
AGS Gous ,0.0,0.0,0.0,0.0,0.0,0.0,0.0,0.0,0.0,0.0,0.0,0.0,0.0,0,0.0,0.0,0.0,0.0,0.0,0.0,0.0,0,0.0,0.0,0.0,0.0,0.0,0.0,0.0,6.0,1.0,0.0,0.0,0.0,6.0,5.0,3.0,1.0,2.0,3.0,0.6
AGS Gous (POA),6.0,6.0,1.0,224.0,104.0,44.8,136.0,164.7,1.0,0.0,1.0,30.0,9.0,AGS Gous ,0.0,0.0,0.0,0.0,0.0,0.0,0.0,0,0.0,0.0,0.0,0.0,0.0,0.0,0.0,0.0,0.0,0.0,0.0,0.0,0.0,0.0,0.0,0.0,0.0,0.0,0.0
AK Sah ,0.0,0.0,0.0,0.0,0.0,0.0,0.0,0.0,0.0,0.0,0.0,0.0,0.0,0,0.0,0.0,0.0,0.0,0.0,0.0,0.0,0,0.0,0.0,0.0,0.0,0.0,0.0,0.0,7.0,7.0,12.0,5.0,1.714,0.0,0.0,0.0,0.0,0.0,0.0,0.0
AK Sah (JAB),7.0,7.0,1.0,132.0,62.0,22.0,111.0,118.91,0.0,1.0,1.0,10.0,7.0,AK Sah ,0.0,0.0,0.0,0.0,0.0,0.0,0.0,0,0.0,0.0,0.0,0.0,0.0,0.0,0.0,0.0,0.0,0.0,0.0,0.0,0.0,0.0,0.0,0.0,0.0,0.0,0.0
AP Gomel ,0.0,0.0,0.0,0.0,0.0,0.0,0.0,0.0,0.0,0.0,0.0,0.0,0.0,0,0.0,0.0,0.0,0.0,0.0,0.0,0.0,0,0.0,0.0,0.0,0.0,0.0,0.0,0.0,1.0,1.0,0.0,0.0,0.0,0.0,0.0,0.0,0.0,0.0,0.0,0.0
AP Gomel (POA),1.0,1.0,0.0,8.0,8.0,8.0,15.0,53.33,0.0,0.0,0.0,0.0,0.0,AP Gomel ,0.0,0.0,0.0,0.0,0.0,0.0,0.0,0,0.0,0.0,0.0,0.0,0.0,0.0,0.0,0.0,0.0,0.0,0.0,0.0,0.0,0.0,0.0,0.0,0.0,0.0,0.0
AS Routela ,0.0,0.0,0.0,0.0,0.0,0.0,0.0,0.0,0.0,0.0,0.0,0.0,0.0,0,8.0,5.0,54.0,9.0,0.0,70.0,4.0,2/9,17.5,7.77,13.5,0.0,0.0,2.0,9.0,8.0,8.0,1.0,1.0,0.125,0.0,0.0,0.0,0.0,0.0,0.0,0.0
AS Routela (CHR),8.0,6.0,2.0,85.0,42.0,21.25,57.0,149.12,0.0,0.0,0.0,5.0,5.0,AS Routela ,0.0,0.0,0.0,0.0,0.0,0.0,0.0,0,0.0,0.0,0.0,0.0,0.0,0.0,0.0,0.0,0.0,0.0,0.0,0.0,0.0,0.0,0.0,0.0,0.0,0.0,0.0
Aakash Chand (POA),4.0,1.0,0.0,1.0,1.0,1.0,3.0,33.33,0.0,0.0,0.0,0.0,0.0,Aakash Chand ,0.0,0.0,0.0,0.0,0.0,0.0,0.0,0,0.0,0.0,0.0,0.0,0.0,0.0,0.0,0.0,0.0,0.0,0.0,0.0,0.0,0.0,0.0,0.0,0.0,0.0,0.0
Aarif Sheikh ,0.0,0.0,0.0,0.0,0.0,0.0,0.0,0.0,0.0,0.0,0.0,0.0,0.0,0,0.0,0.0,0.0,0.0,0.0,0.0,0.0,0,0.0,0.0,0.0,0.0,0.0,0.0,0.0,9.0,9.0,2.0,1.0,0.222,0.0,0.0,0.0,0.0,0.0,0.0,0.0
Aarif Sheikh (SPR),9.0,8.0,2.0,69.0,42.0,11.5,71.0,97.18,0.0,0.0,1.0,5.0,1.0,Aarif Sheikh ,0.0,0.0,0.0,0.0,0.0,0.0,0.0,0,0.0,0.0,0.0,0.0,0.0,0.0,0.0,0.0,0.0,0.0,0.0,0.0,0.0,0.0,0.0,0.0,0.0,0.0,0.0
Aasif Sheikh ,0.0,0.0,0.0,0.0,0.0,0.0,0.0,0.0,0.0,0.0,0.0,0.0,0.0,0,0.0,0.0,0.0,0.0,0.0,0.0,0.0,0,0.0,0.0,0.0,0.0,0.0,0.0,0.0,10.0,8.0,4.0,2.0,0.5,10.0,2.0,2.0,2.0,0.0,2.0,1.0
Aasif Sheikh (JAB),10.0,10.0,0.0,162.0,36.0,16.2,151.0,107.28,0.0,0.0,1.0,17.0,5.0,Aasif Sheikh ,0.0,0.0,0.0,0.0,0.0,0.0,0.0,0,0.0,0.0,0.0,0.0,0.0,0.0,0.0,0.0,0.0,0.0,0.0,0.0,0.0,0.0,0.0,0.0,0.0,0.0,0.0
Abhishesh Gautam ,0.0,0.0,0.0,0.0,0.0,0.0,0.0,0.0,0.0,0.0,0.0,0.0,0.0,0,4.0,4.0,96.0,16.0,0.0,78.0,6.0,3/20,13.0,4.87,16.0,0.0,0.0,3.0,20.0,4.0,4.0,2.0,1.0,0.5,0.0,0.0,0.0,0.0,0.0,0.0,0.0
Abhishesh Gautam (LUL),4.0,1.0,0.0,0.0,0.0,0.0,1.0,0.0,0.0,0.0,1.0,0.0,0.0,Abhishesh Gautam ,0.0,0.0,0.0,0.0,0.0,0.0,0.0,0,0.0,0.0,0.0,0.0,0.0,0.0,0.0,0.0,0.0,0.0,0.0,0.0,0.0,0.0,0.0,0.0,0.0,0.0,0.0
Aqib Ilyas ,0.0,0.0,0.0,0.0,0.0,0.0,0.0,0.0,0.0,0.0,0.0,0.0,0.0,0,2.0,2.0,42.0,7.0,0.0,50.0,1.0,1/31,50.0,7.14,42.0,0.0,0.0,1.0,31.0,2.0,2.0,0.0,0.0,0.0,0.0,0.0,0.0,0.0,0.0,0.0,0.0
Aqib Ilyas (BIK),2.0,2.0,0.0,23.0,15.0,11.5,32.0,71.87,0.0,0.0,0.0,3.0,0.0,Aqib Ilyas ,0.0,0.0,0.0,0.0,0.0,0.0,0.0,0,0.0,0.0,0.0,0.0,0.0,0.0,0.0,0.0,0.0,0.0,0.0,0.0,0.0,0.0,0.0,0.0,0.0,0.0,0.0
B Aagri ,0.0,0.0,0.0,0.0,0.0,0.0,0.0,0.0,0.0,0.0,0.0,0.0,0.0,0,1.0,1.0,12.0,2.0,0.0,14.0,3.0,3/14,4.66,7.0,4.0,0.0,0.0,3.0,14.0,1.0,1.0,0.0,0.0,0.0,0.0,0.0,0.0,0.0,0.0,0.0,0.0
B Bhandari ,0.0,0.0,0.0,0.0,0.0,0.0,0.0,0.0,0.0,0.0,0.0,0.0,0.0,0,0.0,0.0,0.0,0.0,0.0,0.0,0.0,0,0.0,0.0,0.0,0.0,0.0,0.0,0.0,9.0,0.0,0.0,0.0,0.0,9.0,9.0,4.0,1.0,3.0,2.0,0.444
B Bhandari (SPR),9.0,9.0,1.0,235.0,58.0,29.37,213.0,110.32,0.0,1.0,0.0,19.0,10.0,B Bhandari ,0.0,0.0,0.0,0.0,0.0,0.0,0.0,0,0.0,0.0,0.0,0.0,0.0,0.0,0.0,0.0,0.0,0.0,0.0,0.0,0.0,0.0,0.0,0.0,0.0,0.0,0.0
B Khatri ,0.0,0.0,0.0,0.0,0.0,0.0,0.0,0.0,0.0,0.0,0.0,0.0,0.0,0,0.0,0.0,0.0,0.0,0.0,0.0,0.0,0,0.0,0.0,0.0,0.0,0.0,0.0,0.0,2.0,2.0,1.0,1.0,0.5,0.0,0.0,0.0,0.0,0.0,0.0,0.0
B Khatri (SPR),2.0,1.0,1.0,4.0,4.0,0.0,3.0,133.33,0.0,0.0,0.0,0.0,0.0,B Khatri ,0.0,0.0,0.0,0.0,0.0,0.0,0.0,0,0.0,0.0,0.0,0.0,0.0,0.0,0.0,0.0,0.0,0.0,0.0,0.0,0.0,0.0,0.0,0.0,0.0,0.0,0.0
B McMullen ,0.0,0.0,0.0,0.0,0.0,0.0,0.0,0.0,0.0,0.0,0.0,0.0,0.0,0,9.0,8.0,114.0,19.0,1.0,129.0,6.0,3/21,21.5,6.78,19.0,0.0,0.0,3.0,21.0,9.0,9.0,10.0,2.0,1.111,0.0,0.0,0.0,0.0,0.0,0.0,0.0
B McMullen (SPR),9.0,9.0,0.0,201.0,53.0,22.33,161.0,124.84,0.0,1.0,0.0,10.0,11.0,B McMullen ,0.0,0.0,0.0,0.0,0.0,0.0,0.0,0,0.0,0.0,0.0,0.0,0.0,0.0,0.0,0.0,0.0,0.0,0.0,0.0,0.0,0.0,0.0,0.0,0.0,0.0,0.0
B Rawal ,0.0,0.0,0.0,0.0,0.0,0.0,0.0,0.0,0.0,0.0,0.0,0.0,0.0,0,0.0,0.0,0.0,0.0,0.0,0.0,0.0,0,0.0,0.0,0.0,0.0,0.0,0.0,0.0,8.0,0.0,0.0,0.0,0.0,8.0,8.0,5.0,5.0,0.0,1.0,0.625
B Rawal (CHR),8.0,5.0,0.0,54.0,18.0,10.8,64.0,84.37,0.0,0.0,0.0,7.0,0.0,B Rawal ,0.0,0.0,0.0,0.0,0.0,0.0,0.0,0,0.0,0.0,0.0,0.0,0.0,0.0,0.0,0.0,0.0,0.0,0.0,0.0,0.0,0.0,0.0,0.0,0.0,0.0,0.0
B Sharki ,0.0,0.0,0.0,0.0,0.0,0.0,0.0,0.0,0.0,0.0,0.0,0.0,0.0,0,0.0,0.0,0.0,0.0,0.0,0.0,0.0,0,0.0,0.0,0.0,0.0,0.0,0.0,0.0,7.0,7.0,3.0,2.0,0.428,0.0,0.0,0.0,0.0,0.0,0.0,0.0
B Sharki (KAG),7.0,7.0,0.0,78.0,31.0,11.14,98.0,79.59,0.0,0.0,0.0,6.0,1.0,B Sharki ,0.0,0.0,0.0,0.0,0.0,0.0,0.0,0,0.0,0.0,0.0,0.0,0.0,0.0,0.0,0.0,0.0,0.0,0.0,0.0,0.0,0.0,0.0,0.0,0.0,0.0,0.0
B Yadav ,0.0,0.0,0.0,0.0,0.0,0.0,0.0,0.0,0.0,0.0,0.0,0.0,0.0,0,6.0,6.0,89.0,14.5,0.0,171.0,3.0,1/9,57.0,11.52,29.66,0.0,0.0,1.0,9.0,6.0,6.0,3.0,2.0,0.5,0.0,0.0,0.0,0.0,0.0,0.0,0.0
B Yadav (LUL),6.0,5.0,3.0,100.0,77.0,50.0,72.0,138.88,0.0,1.0,1.0,3.0,10.0,B Yadav ,0.0,0.0,0.0,0.0,0.0,0.0,0.0,0,0.0,0.0,0.0,0.0,0.0,0.0,0.0,0.0,0.0,0.0,0.0,0.0,0.0,0.0,0.0,0.0,0.0,0.0,0.0
BCJ Cutting ,0.0,0.0,0.0,0.0,0.0,0.0,0.0,0.0,0.0,0.0,0.0,0.0,0.0,0,0.0,0.0,0.0,0.0,0.0,0.0,0.0,0,0.0,0.0,0.0,0.0,0.0,0.0,0.0,3.0,3.0,1.0,1.0,0.333,0.0,0.0,0.0,0.0,0.0,0.0,0.0
BCJ Cutting (LUL),3.0,3.0,0.0,10.0,6.0,3.33,19.0,52.63,0.0,0.0,0.0,1.0,0.0,BCJ Cutting ,0.0,0.0,0.0,0.0,0.0,0.0,0.0,0,0.0,0.0,0.0,0.0,0.0,0.0,0.0,0.0,0.0,0.0,0.0,0.0,0.0,0.0,0.0,0.0,0.0,0.0,0.0
BFW de Leede ,0.0,0.0,0.0,0.0,0.0,0.0,0.0,0.0,0.0,0.0,0.0,0.0,0.0,0,1.0,1.0,24.0,4.0,0.0,20.0,2.0,2/20,10.0,5.0,12.0,0.0,0.0,2.0,20.0,1.0,1.0,0.0,0.0,0.0,0.0,0.0,0.0,0.0,0.0,0.0,0.0
BFW de Leede (POA),1.0,1.0,0.0,0.0,0.0,0.0,1.0,0.0,0.0,0.0,1.0,0.0,0.0,BFW de Leede ,0.0,0.0,0.0,0.0,0.0,0.0,0.0,0,0.0,0.0,0.0,0.0,0.0,0.0,0.0,0.0,0.0,0.0,0.0,0.0,0.0,0.0,0.0,0.0,0.0,0.0,0.0
BKEL Milantha ,0.0,0.0,0.0,0.0,0.0,0.0,0.0,0.0,0.0,0.0,0.0,0.0,0.0,0,0.0,0.0,0.0,0.0,0.0,0.0,0.0,0,0.0,0.0,0.0,0.0,0.0,0.0,0.0,0.0,0.0,0.0,0.0,0.0,10.0,8.0,5.0,1.0,4.0,2.0,0.625
BKEL Milantha (JAB),10.0,10.0,1.0,293.0,87.0,32.55,224.0,130.8,0.0,2.0,0.0,35.0,9.0,BKEL Milantha ,0.0,0.0,0.0,0.0,0.0,0.0,0.0,0,0.0,0.0,0.0,0.0,0.0,0.0,0.0,0.0,0.0,0.0,0.0,0.0,0.0,0.0,0.0,0.0,0.0,0.0,0.0
BP Sharma ,0.0,0.0,0.0,0.0,0.0,0.0,0.0,0.0,0.0,0.0,0.0,0.0,0.0,0,8.0,8.0,174.0,29.0,2.0,171.0,13.0,3/17,13.15,5.89,13.38,0.0,0.0,3.0,17.0,0.0,0.0,0.0,0.0,0.0,0.0,0.0,0.0,0.0,0.0,0.0,0.0
BP Sharma (KAY),8.0,2.0,0.0,0.0,0.0,0.0,3.0,0.0,0.0,0.0,2.0,0.0,0.0,BP Sharma ,0.0,0.0,0.0,0.0,0.0,0.0,0.0,0,0.0,0.0,0.0,0.0,0.0,0.0,0.0,0.0,0.0,0.0,0.0,0.0,0.0,0.0,0.0,0.0,0.0,0.0,0.0
BWM Mike ,0.0,0.0,0.0,0.0,0.0,0.0,0.0,0.0,0.0,0.0,0.0,0.0,0.0,0,1.0,1.0,18.0,3.0,0.0,29.0,1.0,1/29,29.0,9.66,18.0,0.0,0.0,1.0,29.0,1.0,1.0,0.0,0.0,0.0,0.0,0.0,0.0,0.0,0.0,0.0,0.0
Babar Hayat ,0.0,0.0,0.0,0.0,0.0,0.0,0.0,0.0,0.0,0.0,0.0,0.0,0.0,0,0.0,0.0,0.0,0.0,0.0,0.0,0.0,0,0.0,0.0,0.0,0.0,0.0,0.0,0.0,5.0,5.0,1.0,1.0,0.2,0.0,0.0,0.0,0.0,0.0,0.0,0.0
Babar Hayat (KAY),5.0,5.0,0.0,65.0,20.0,13.0,84.0,77.38,0.0,0.0,0.0,4.0,3.0,Babar Hayat ,0.0,0.0,0.0,0.0,0.0,0.0,0.0,0,0.0,0.0,0.0,0.0,0.0,0.0,0.0,0.0,0.0,0.0,0.0,0.0,0.0,0.0,0.0,0.0,0.0,0.0,0.0
Basil Hameed ,0.0,0.0,0.0,0.0,0.0,0.0,0.0,0.0,0.0,0.0,0.0,0.0,0.0,0,2.0,2.0,36.0,6.0,0.0,53.0,1.0,1/15,53.0,8.83,36.0,0.0,0.0,1.0,15.0,2.0,2.0,0.0,0.0,0.0,0.0,0.0,0.0,0.0,0.0,0.0,0.0
Basil Hameed (CHR),2.0,2.0,1.0,3.0,2.0,3.0,6.0,50.0,0.0,0.0,0.0,0.0,0.0,Basil Hameed ,0.0,0.0,0.0,0.0,0.0,0.0,0.0,0,0.0,0.0,0.0,0.0,0.0,0.0,0.0,0.0,0.0,0.0,0.0,0.0,0.0,0.0,0.0,0.0,0.0,0.0,0.0
Basir Ahamad ,0.0,0.0,0.0,0.0,0.0,0.0,0.0,0.0,0.0,0.0,0.0,0.0,0.0,0,7.0,6.0,114.0,19.0,1.0,123.0,6.0,2/22,20.5,6.47,19.0,0.0,0.0,2.0,22.0,7.0,7.0,4.0,1.0,0.571,0.0,0.0,0.0,0.0,0.0,0.0,0.0
Basir Ahamad (BIK),7.0,7.0,2.0,181.0,68.0,36.2,147.0,123.12,0.0,1.0,0.0,11.0,7.0,Basir Ahamad ,0.0,0.0,0.0,0.0,0.0,0.0,0.0,0,0.0,0.0,0.0,0.0,0.0,0.0,0.0,0.0,0.0,0.0,0.0,0.0,0.0,0.0,0.0,0.0,0.0,0.0,0.0
Bipin Khatri ,0.0,0.0,0.0,0.0,0.0,0.0,0.0,0.0,0.0,0.0,0.0,0.0,0.0,0,7.0,7.0,108.0,18.0,1.0,133.0,9.0,3/19,14.77,7.38,12.0,0.0,0.0,3.0,19.0,7.0,7.0,4.0,1.0,0.571,0.0,0.0,0.0,0.0,0.0,0.0,0.0
Bipin Khatri (POA),7.0,5.0,1.0,24.0,10.0,6.0,26.0,92.3,0.0,0.0,1.0,0.0,2.0,Bipin Khatri ,0.0,0.0,0.0,0.0,0.0,0.0,0.0,0,0.0,0.0,0.0,0.0,0.0,0.0,0.0,0.0,0.0,0.0,0.0,0.0,0.0,0.0,0.0,0.0,0.0,0.0,0.0
CAK Walton ,0.0,0.0,0.0,0.0,0.0,0.0,0.0,0.0,0.0,0.0,0.0,0.0,0.0,0,0.0,0.0,0.0,0.0,0.0,0.0,0.0,0,0.0,0.0,0.0,0.0,0.0,0.0,0.0,9.0,0.0,0.0,0.0,0.0,9.0,9.0,4.0,4.0,0.0,1.0,0.444
CAK Walton (KAY),9.0,9.0,1.0,183.0,46.0,22.87,152.0,120.39,0.0,0.0,0.0,18.0,8.0,CAK Walton ,0.0,0.0,0.0,0.0,0.0,0.0,0.0,0,0.0,0.0,0.0,0.0,0.0,0.0,0.0,0.0,0.0,0.0,0.0,0.0,0.0,0.0,0.0,0.0,0.0,0.0,0.0
CB Sole ,0.0,0.0,0.0,0.0,0.0,0.0,0.0,0.0,0.0,0.0,0.0,0.0,0.0,0,7.0,7.0,162.0,27.0,0.0,200.0,9.0,2/21,22.22,7.4,18.0,0.0,0.0,2.0,21.0,7.0,7.0,3.0,2.0,0.428,0.0,0.0,0.0,0.0,0.0,0.0,0.0
CB Sole (BIK),7.0,6.0,1.0,35.0,14.0,7.0,27.0,129.62,0.0,0.0,1.0,2.0,3.0,CB Sole ,0.0,0.0,0.0,0.0,0.0,0.0,0.0,0,0.0,0.0,0.0,0.0,0.0,0.0,0.0,0.0,0.0,0.0,0.0,0.0,0.0,0.0,0.0,0.0,0.0,0.0,0.0
D Adhikari ,0.0,0.0,0.0,0.0,0.0,0.0,0.0,0.0,0.0,0.0,0.0,0.0,0.0,0,0.0,0.0,0.0,0.0,0.0,0.0,0.0,0,0.0,0.0,0.0,0.0,0.0,0.0,0.0,2.0,2.0,0.0,0.0,0.0,0.0,0.0,0.0,0.0,0.0,0.0,0.0
D Adhikari (LUL),2.0,1.0,0.0,14.0,14.0,14.0,16.0,87.5,0.0,0.0,0.0,2.0,0.0,D Adhikari ,0.0,0.0,0.0,0.0,0.0,0.0,0.0,0,0.0,0.0,0.0,0.0,0.0,0.0,0.0,0.0,0.0,0.0,0.0,0.0,0.0,0.0,0.0,0.0,0.0,0.0,0.0
D Bohara ,0.0,0.0,0.0,0.0,0.0,0.0,0.0,0.0,0.0,0.0,0.0,0.0,0.0,0,0.0,0.0,0.0,0.0,0.0,0.0,0.0,0,0.0,0.0,0.0,0.0,0.0,0.0,0.0,6.0,6.0,3.0,3.0,0.5,0.0,0.0,0.0,0.0,0.0,0.0,0.0
D Bohara (BIK),6.0,6.0,1.0,60.0,20.0,12.0,56.0,107.14,0.0,0.0,0.0,4.0,1.0,D Bohara ,0.0,0.0,0.0,0.0,0.0,0.0,0.0,0,0.0,0.0,0.0,0.0,0.0,0.0,0.0,0.0,0.0,0.0,0.0,0.0,0.0,0.0,0.0,0.0,0.0,0.0,0.0
D Gupta ,0.0,0.0,0.0,0.0,0.0,0.0,0.0,0.0,0.0,0.0,0.0,0.0,0.0,0,5.0,4.0,66.0,11.0,0.0,104.0,3.0,3/21,34.66,9.45,22.0,0.0,0.0,3.0,21.0,5.0,5.0,1.0,1.0,0.2,0.0,0.0,0.0,0.0,0.0,0.0,0.0
D Gupta (LUL),5.0,2.0,2.0,5.0,5.0,0.0,4.0,125.0,0.0,0.0,0.0,1.0,0.0,D Gupta ,0.0,0.0,0.0,0.0,0.0,0.0,0.0,0,0.0,0.0,0.0,0.0,0.0,0.0,0.0,0.0,0.0,0.0,0.0,0.0,0.0,0.0,0.0,0.0,0.0,0.0,0.0
D Kandel ,0.0,0.0,0.0,0.0,0.0,0.0,0.0,0.0,0.0,0.0,0.0,0.0,0.0,0,6.0,5.0,96.0,16.0,0.0,87.0,7.0,3/6,12.42,5.43,13.71,0.0,0.0,3.0,6.0,6.0,6.0,1.0,1.0,0.166,0.0,0.0,0.0,0.0,0.0,0.0,0.0
D Kandel (KAG),6.0,4.0,3.0,12.0,11.0,12.0,9.0,133.33,0.0,0.0,1.0,1.0,1.0,D Kandel ,0.0,0.0,0.0,0.0,0.0,0.0,0.0,0,0.0,0.0,0.0,0.0,0.0,0.0,0.0,0.0,0.0,0.0,0.0,0.0,0.0,0.0,0.0,0.0,0.0,0.0,0.0
D Khanal ,0.0,0.0,0.0,0.0,0.0,0.0,0.0,0.0,0.0,0.0,0.0,0.0,0.0,0,0.0,0.0,0.0,0.0,0.0,0.0,0.0,0,0.0,0.0,0.0,0.0,0.0,0.0,0.0,9.0,9.0,4.0,1.0,0.444,0.0,0.0,0.0,0.0,0.0,0.0,0.0
D Khanal (KAY),9.0,9.0,0.0,116.0,53.0,12.88,140.0,82.85,0.0,1.0,2.0,9.0,4.0,D Khanal ,0.0,0.0,0.0,0.0,0.0,0.0,0.0,0,0.0,0.0,0.0,0.0,0.0,0.0,0.0,0.0,0.0,0.0,0.0,0.0,0.0,0.0,0.0,0.0,0.0,0.0,0.0
D Kharel ,0.0,0.0,0.0,0.0,0.0,0.0,0.0,0.0,0.0,0.0,0.0,0.0,0.0,0,7.0,2.0,7.0,1.1,0.0,15.0,1.0,1/9,15.0,12.85,7.0,0.0,0.0,1.0,9.0,0.0,0.0,0.0,0.0,0.0,0.0,0.0,0.0,0.0,0.0,0.0,0.0
D Kharel (POA),7.0,7.0,1.0,162.0,61.0,27.0,142.0,114.08,0.0,1.0,0.0,17.0,8.0,D Kharel ,0.0,0.0,0.0,0.0,0.0,0.0,0.0,0,0.0,0.0,0.0,0.0,0.0,0.0,0.0,0.0,0.0,0.0,0.0,0.0,0.0,0.0,0.0,0.0,0.0,0.0,0.0
D Nath ,0.0,0.0,0.0,0.0,0.0,0.0,0.0,0.0,0.0,0.0,0.0,0.0,0.0,0,0.0,0.0,0.0,0.0,0.0,0.0,0.0,0,0.0,0.0,0.0,0.0,0.0,0.0,0.0,0.0,0.0,0.0,0.0,0.0,6.0,2.0,0.0,0.0,0.0,0.0,0.0
D Nath (POA),6.0,5.0,0.0,46.0,27.0,9.2,51.0,90.19,0.0,0.0,0.0,2.0,2.0,D Nath ,0.0,0.0,0.0,0.0,0.0,0.0,0.0,0,0.0,0.0,0.0,0.0,0.0,0.0,0.0,0.0,0.0,0.0,0.0,0.0,0.0,0.0,0.0,0.0,0.0,0.0,0.0
DA Douthwaite ,0.0,0.0,0.0,0.0,0.0,0.0,0.0,0.0,0.0,0.0,0.0,0.0,0.0,0,4.0,3.0,41.0,6.5,0.0,50.0,2.0,1/14,25.0,7.31,20.5,0.0,0.0,1.0,14.0,4.0,4.0,2.0,2.0,0.5,0.0,0.0,0.0,0.0,0.0,0.0,0.0
DA Douthwaite (KAG),4.0,4.0,1.0,42.0,21.0,14.0,52.0,80.76,0.0,0.0,0.0,2.0,2.0,DA Douthwaite ,0.0,0.0,0.0,0.0,0.0,0.0,0.0,0,0.0,0.0,0.0,0.0,0.0,0.0,0.0,0.0,0.0,0.0,0.0,0.0,0.0,0.0,0.0,0.0,0.0,0.0,0.0
DS Airee ,0.0,0.0,0.0,0.0,0.0,0.0,0.0,0.0,0.0,0.0,0.0,0.0,0.0,0,9.0,7.0,150.0,25.0,0.0,175.0,9.0,3/29,19.44,7.0,16.66,0.0,0.0,3.0,29.0,9.0,9.0,3.0,1.0,0.333,0.0,0.0,0.0,0.0,0.0,0.0,0.0
DS Airee (SPR),9.0,9.0,3.0,227.0,57.0,37.83,141.0,160.99,0.0,1.0,1.0,15.0,12.0,DS Airee ,0.0,0.0,0.0,0.0,0.0,0.0,0.0,0,0.0,0.0,0.0,0.0,0.0,0.0,0.0,0.0,0.0,0.0,0.0,0.0,0.0,0.0,0.0,0.0,0.0,0.0,0.0
DS Bajwa ,0.0,0.0,0.0,0.0,0.0,0.0,0.0,0.0,0.0,0.0,0.0,0.0,0.0,0,0.0,0.0,0.0,0.0,0.0,0.0,0.0,0,0.0,0.0,0.0,0.0,0.0,0.0,0.0,1.0,1.0,0.0,0.0,0.0,0.0,0.0,0.0,0.0,0.0,0.0,0.0
DS Bajwa (SPR),1.0,1.0,0.0,12.0,12.0,12.0,16.0,75.0,0.0,0.0,0.0,1.0,0.0,DS Bajwa ,0.0,0.0,0.0,0.0,0.0,0.0,0.0,0,0.0,0.0,0.0,0.0,0.0,0.0,0.0,0.0,0.0,0.0,0.0,0.0,0.0,0.0,0.0,0.0,0.0,0.0,0.0
Deepak Bohara ,0.0,0.0,0.0,0.0,0.0,0.0,0.0,0.0,0.0,0.0,0.0,0.0,0.0,0,6.0,1.0,8.0,1.2,0.0,9.0,1.0,1/9,9.0,6.75,8.0,0.0,0.0,1.0,9.0,6.0,6.0,3.0,1.0,0.5,0.0,0.0,0.0,0.0,0.0,0.0,0.0
Deepak Bohara (CHR),6.0,4.0,1.0,19.0,8.0,6.33,25.0,76.0,0.0,0.0,0.0,1.0,1.0,Deepak Bohara ,0.0,0.0,0.0,0.0,0.0,0.0,0.0,0,0.0,0.0,0.0,0.0,0.0,0.0,0.0,0.0,0.0,0.0,0.0,0.0,0.0,0.0,0.0,0.0,0.0,0.0,0.0
Gulsan Jha ,0.0,0.0,0.0,0.0,0.0,0.0,0.0,0.0,0.0,0.0,0.0,0.0,0.0,0,9.0,4.0,48.0,8.0,0.0,63.0,1.0,1/31,63.0,7.87,48.0,0.0,0.0,1.0,31.0,9.0,9.0,6.0,4.0,0.666,0.0,0.0,0.0,0.0,0.0,0.0,0.0
Gulsan Jha (KAY),9.0,9.0,2.0,132.0,49.0,18.85,120.0,110.0,0.0,0.0,2.0,7.0,9.0,Gulsan Jha ,0.0,0.0,0.0,0.0,0.0,0.0,0.0,0,0.0,0.0,0.0,0.0,0.0,0.0,0.0,0.0,0.0,0.0,0.0,0.0,0.0,0.0,0.0,0.0,0.0,0.0,0.0
H Dhami (JAB),2.0,1.0,0.0,9.0,9.0,9.0,11.0,81.81,0.0,0.0,0.0,1.0,0.0,H Dhami ,0.0,0.0,0.0,0.0,0.0,0.0,0.0,0,0.0,0.0,0.0,0.0,0.0,0.0,0.0,0.0,0.0,0.0,0.0,0.0,0.0,0.0,0.0,0.0,0.0,0.0,0.0
H Thaker ,0.0,0.0,0.0,0.0,0.0,0.0,0.0,0.0,0.0,0.0,0.0,0.0,0.0,0,10.0,9.0,186.0,31.0,2.0,197.0,11.0,5/23,17.9,6.35,16.9,0.0,1.0,5.0,23.0,10.0,10.0,2.0,1.0,0.2,0.0,0.0,0.0,0.0,0.0,0.0,0.0
H Thaker (JAB),10.0,9.0,4.0,138.0,30.0,27.6,147.0,93.87,0.0,0.0,0.0,9.0,3.0,H Thaker ,0.0,0.0,0.0,0.0,0.0,0.0,0.0,0,0.0,0.0,0.0,0.0,0.0,0.0,0.0,0.0,0.0,0.0,0.0,0.0,0.0,0.0,0.0,0.0,0.0,0.0,0.0
Harmeet Singh ,0.0,0.0,0.0,0.0,0.0,0.0,0.0,0.0,0.0,0.0,0.0,0.0,0.0,0,5.0,5.0,120.0,20.0,2.0,90.0,8.0,3/17,11.25,4.5,15.0,0.0,0.0,3.0,17.0,0.0,0.0,0.0,0.0,0.0,0.0,0.0,0.0,0.0,0.0,0.0,0.0
Harmeet Singh (SPR),5.0,3.0,0.0,28.0,14.0,9.33,21.0,133.33,0.0,0.0,0.0,0.0,2.0,Harmeet Singh ,0.0,0.0,0.0,0.0,0.0,0.0,0.0,0,0.0,0.0,0.0,0.0,0.0,0.0,0.0,0.0,0.0,0.0,0.0,0.0,0.0,0.0,0.0,0.0,0.0,0.0,0.0
Hassan Eisakhil ,0.0,0.0,0.0,0.0,0.0,0.0,0.0,0.0,0.0,0.0,0.0,0.0,0.0,0,0.0,0.0,0.0,0.0,0.0,0.0,0.0,0,0.0,0.0,0.0,0.0,0.0,0.0,0.0,6.0,6.0,2.0,1.0,0.333,0.0,0.0,0.0,0.0,0.0,0.0,0.0
Hassan Eisakhil (CHR),6.0,6.0,0.0,125.0,65.0,20.83,96.0,130.2,0.0,1.0,0.0,13.0,6.0,Hassan Eisakhil ,0.0,0.0,0.0,0.0,0.0,0.0,0.0,0,0.0,0.0,0.0,0.0,0.0,0.0,0.0,0.0,0.0,0.0,0.0,0.0,0.0,0.0,0.0,0.0,0.0,0.0,0.0
I Pandey ,0.0,0.0,0.0,0.0,0.0,0.0,0.0,0.0,0.0,0.0,0.0,0.0,0.0,0,9.0,5.0,42.0,7.0,0.0,52.0,4.0,2/11,13.0,7.42,10.5,0.0,0.0,2.0,11.0,9.0,9.0,6.0,2.0,0.666,0.0,0.0,0.0,0.0,0.0,0.0,0.0
I Pandey (SPR),9.0,7.0,2.0,128.0,38.0,25.6,112.0,114.28,0.0,0.0,0.0,13.0,3.0,I Pandey ,0.0,0.0,0.0,0.0,0.0,0.0,0.0,0,0.0,0.0,0.0,0.0,0.0,0.0,0.0,0.0,0.0,0.0,0.0,0.0,0.0,0.0,0.0,0.0,0.0,0.0,0.0
Ismat Alam ,0.0,0.0,0.0,0.0,0.0,0.0,0.0,0.0,0.0,0.0,0.0,0.0,0.0,0,3.0,3.0,42.0,7.0,0.0,72.0,2.0,1/21,36.0,10.28,21.0,0.0,0.0,1.0,21.0,0.0,0.0,0.0,0.0,0.0,0.0,0.0,0.0,0.0,0.0,0.0,0.0
Ismat Alam (BIK),3.0,3.0,0.0,11.0,6.0,3.66,20.0,55.0,0.0,0.0,1.0,1.0,0.0,Ismat Alam ,0.0,0.0,0.0,0.0,0.0,0.0,0.0,0,0.0,0.0,0.0,0.0,0.0,0.0,0.0,0.0,0.0,0.0,0.0,0.0,0.0,0.0,0.0,0.0,0.0,0.0,0.0
J Tromp ,0.0,0.0,0.0,0.0,0.0,0.0,0.0,0.0,0.0,0.0,0.0,0.0,0.0,0,0.0,0.0,0.0,0.0,0.0,0.0,0.0,0,0.0,0.0,0.0,0.0,0.0,0.0,0.0,1.0,1.0,3.0,3.0,3.0,0.0,0.0,0.0,0.0,0.0,0.0,0.0
J Tromp (JAB),1.0,1.0,0.0,13.0,13.0,13.0,13.0,100.0,0.0,0.0,0.0,1.0,1.0,J Tromp ,0.0,0.0,0.0,0.0,0.0,0.0,0.0,0,0.0,0.0,0.0,0.0,0.0,0.0,0.0,0.0,0.0,0.0,0.0,0.0,0.0,0.0,0.0,0.0,0.0,0.0,0.0
JA Kolsawala (KAY),2.0,2.0,0.0,54.0,53.0,27.0,43.0,125.58,0.0,1.0,0.0,6.0,2.0,JA Kolsawala ,0.0,0.0,0.0,0.0,0.0,0.0,0.0,0,0.0,0.0,0.0,0.0,0.0,0.0,0.0,0.0,0.0,0.0,0.0,0.0,0.0,0.0,0.0,0.0,0.0,0.0,0.0
JDS Neesham ,0.0,0.0,0.0,0.0,0.0,0.0,0.0,0.0,0.0,0.0,0.0,0.0,0.0,0,9.0,9.0,156.0,26.0,0.0,233.0,7.0,2/29,33.28,8.96,22.28,0.0,0.0,2.0,29.0,9.0,9.0,6.0,2.0,0.666,0.0,0.0,0.0,0.0,0.0,0.0,0.0
JDS Neesham (JAB),9.0,9.0,2.0,247.0,65.0,35.28,126.0,196.03,0.0,1.0,0.0,14.0,23.0,JDS Neesham ,0.0,0.0,0.0,0.0,0.0,0.0,0.0,0,0.0,0.0,0.0,0.0,0.0,0.0,0.0,0.0,0.0,0.0,0.0,0.0,0.0,0.0,0.0,0.0,0.0,0.0,0.0
JK Mukhiya ,0.0,0.0,0.0,0.0,0.0,0.0,0.0,0.0,0.0,0.0,0.0,0.0,0.0,0,0.0,0.0,0.0,0.0,0.0,0.0,0.0,0,0.0,0.0,0.0,0.0,0.0,0.0,0.0,1.0,1.0,0.0,0.0,0.0,0.0,0.0,0.0,0.0,0.0,0.0,0.0
JK Mukhiya (BIK),1.0,1.0,0.0,0.0,0.0,0.0,1.0,0.0,0.0,0.0,1.0,0.0,0.0,JK Mukhiya ,0.0,0.0,0.0,0.0,0.0,0.0,0.0,0,0.0,0.0,0.0,0.0,0.0,0.0,0.0,0.0,0.0,0.0,0.0,0.0,0.0,0.0,0.0,0.0,0.0,0.0,0.0
JN Loftie-Eaton ,0.0,0.0,0.0,0.0,0.0,0.0,0.0,0.0,0.0,0.0,0.0,0.0,0.0,0,3.0,3.0,48.0,8.0,0.0,56.0,3.0,2/18,18.66,7.0,16.0,0.0,0.0,2.0,18.0,3.0,3.0,3.0,1.0,1.0,0.0,0.0,0.0,0.0,0.0,0.0,0.0
JN Loftie-Eaton (CHR),3.0,3.0,1.0,17.0,9.0,8.5,23.0,73.91,0.0,0.0,0.0,2.0,0.0,JN Loftie-Eaton ,0.0,0.0,0.0,0.0,0.0,0.0,0.0,0,0.0,0.0,0.0,0.0,0.0,0.0,0.0,0.0,0.0,0.0,0.0,0.0,0.0,0.0,0.0,0.0,0.0,0.0,0.0
K Bhurtel ,0.0,0.0,0.0,0.0,0.0,0.0,0.0,0.0,0.0,0.0,0.0,0.0,0.0,0,7.0,6.0,85.0,14.1,0.0,113.0,5.0,2/27,22.6,7.97,17.0,0.0,0.0,2.0,27.0,7.0,7.0,3.0,3.0,0.428,0.0,0.0,0.0,0.0,0.0,0.0,0.0
K Bhurtel (POA),7.0,6.0,0.0,54.0,31.0,9.0,65.0,83.07,0.0,0.0,2.0,4.0,2.0,K Bhurtel ,0.0,0.0,0.0,0.0,0.0,0.0,0.0,0,0.0,0.0,0.0,0.0,0.0,0.0,0.0,0.0,0.0,0.0,0.0,0.0,0.0,0.0,0.0,0.0,0.0,0.0,0.0
K Mahato ,0.0,0.0,0.0,0.0,0.0,0.0,0.0,0.0,0.0,0.0,0.0,0.0,0.0,0,10.0,10.0,198.0,33.0,1.0,265.0,14.0,4/35,18.92,8.03,14.14,1.0,0.0,4.0,35.0,10.0,10.0,1.0,1.0,0.1,0.0,0.0,0.0,0.0,0.0,0.0,0.0
K Mahato (JAB),10.0,4.0,3.0,6.0,4.0,6.0,21.0,28.57,0.0,0.0,0.0,0.0,0.0,K Mahato ,0.0,0.0,0.0,0.0,0.0,0.0,0.0,0,0.0,0.0,0.0,0.0,0.0,0.0,0.0,0.0,0.0,0.0,0.0,0.0,0.0,0.0,0.0,0.0,0.0,0.0,0.0
K Thagunna (POA),3.0,2.0,0.0,33.0,32.0,16.5,30.0,110.0,0.0,0.0,0.0,3.0,1.0,K Thagunna ,0.0,0.0,0.0,0.0,0.0,0.0,0.0,0,0.0,0.0,0.0,0.0,0.0,0.0,0.0,0.0,0.0,0.0,0.0,0.0,0.0,0.0,0.0,0.0,0.0,0.0,0.0
Karan KC ,0.0,0.0,0.0,0.0,0.0,0.0,0.0,0.0,0.0,0.0,0.0,0.0,0.0,0,7.0,7.0,143.0,23.5,0.0,152.0,12.0,4/16,12.66,6.37,11.91,1.0,0.0,4.0,16.0,7.0,7.0,1.0,1.0,0.142,0.0,0.0,0.0,0.0,0.0,0.0,0.0
Karan KC (KAG),7.0,7.0,0.0,51.0,28.0,7.28,39.0,130.76,0.0,0.0,1.0,4.0,3.0,Karan KC ,0.0,0.0,0.0,0.0,0.0,0.0,0.0,0,0.0,0.0,0.0,0.0,0.0,0.0,0.0,0.0,0.0,0.0,0.0,0.0,0.0,0.0,0.0,0.0,0.0,0.0,0.0
Kushal Malla ,0.0,0.0,0.0,0.0,0.0,0.0,0.0,0.0,0.0,0.0,0.0,0.0,0.0,0,8.0,8.0,162.0,27.0,0.0,176.0,9.0,2/18,19.55,6.51,18.0,0.0,0.0,2.0,18.0,8.0,8.0,2.0,1.0,0.25,0.0,0.0,0.0,0.0,0.0,0.0,0.0
Kushal Malla (CHR),8.0,8.0,0.0,223.0,72.0,27.87,184.0,121.19,0.0,1.0,0.0,11.0,15.0,Kushal Malla ,0.0,0.0,0.0,0.0,0.0,0.0,0.0,0,0.0,0.0,0.0,0.0,0.0,0.0,0.0,0.0,0.0,0.0,0.0,0.0,0.0,0.0,0.0,0.0,0.0,0.0,0.0
LM Benkenstein ,0.0,0.0,0.0,0.0,0.0,0.0,0.0,0.0,0.0,0.0,0.0,0.0,0.0,0,5.0,3.0,48.0,8.0,0.0,68.0,4.0,3/37,17.0,8.5,12.0,0.0,0.0,3.0,37.0,5.0,5.0,2.0,1.0,0.4,0.0,0.0,0.0,0.0,0.0,0.0,0.0
LM Benkenstein (CHR),5.0,5.0,0.0,85.0,31.0,17.0,77.0,110.38,0.0,0.0,1.0,6.0,6.0,LM Benkenstein ,0.0,0.0,0.0,0.0,0.0,0.0,0.0,0,0.0,0.0,0.0,0.0,0.0,0.0,0.0,0.0,0.0,0.0,0.0,0.0,0.0,0.0,0.0,0.0,0.0,0.0,0.0
LN Rajbanshi ,0.0,0.0,0.0,0.0,0.0,0.0,0.0,0.0,0.0,0.0,0.0,0.0,0.0,0,10.0,10.0,240.0,40.0,5.0,213.0,17.0,3/8,12.52,5.32,14.11,0.0,0.0,3.0,8.0,10.0,10.0,3.0,2.0,0.3,0.0,0.0,0.0,0.0,0.0,0.0,0.0
LN Rajbanshi (JAB),10.0,3.0,0.0,4.0,4.0,1.33,14.0,28.57,0.0,0.0,2.0,1.0,0.0,LN Rajbanshi ,0.0,0.0,0.0,0.0,0.0,0.0,0.0,0,0.0,0.0,0.0,0.0,0.0,0.0,0.0,0.0,0.0,0.0,0.0,0.0,0.0,0.0,0.0,0.0,0.0,0.0,0.0
Lokesh Bam ,0.0,0.0,0.0,0.0,0.0,0.0,0.0,0.0,0.0,0.0,0.0,0.0,0.0,0,7.0,1.0,6.0,1.0,0.0,8.0,1.0,1/8,8.0,8.0,6.0,0.0,0.0,1.0,8.0,7.0,3.0,1.0,1.0,0.333,7.0,4.0,1.0,1.0,0.0,1.0,0.25
Lokesh Bam (BIK),7.0,7.0,0.0,131.0,71.0,18.71,96.0,136.45,0.0,1.0,1.0,8.0,10.0,Lokesh Bam ,0.0,0.0,0.0,0.0,0.0,0.0,0.0,0,0.0,0.0,0.0,0.0,0.0,0.0,0.0,0.0,0.0,0.0,0.0,0.0,0.0,0.0,0.0,0.0,0.0,0.0,0.0
M Levitt ,0.0,0.0,0.0,0.0,0.0,0.0,0.0,0.0,0.0,0.0,0.0,0.0,0.0,0,7.0,2.0,36.0,6.0,0.0,45.0,1.0,1/13,45.0,7.5,36.0,0.0,0.0,1.0,13.0,7.0,7.0,4.0,2.0,0.571,0.0,0.0,0.0,0.0,0.0,0.0,0.0
M Levitt (KAG),7.0,7.0,0.0,102.0,32.0,14.57,74.0,137.83,0.0,0.0,1.0,15.0,4.0,M Levitt ,0.0,0.0,0.0,0.0,0.0,0.0,0.0,0,0.0,0.0,0.0,0.0,0.0,0.0,0.0,0.0,0.0,0.0,0.0,0.0,0.0,0.0,0.0,0.0,0.0,0.0,0.0
MA Leask ,0.0,0.0,0.0,0.0,0.0,0.0,0.0,0.0,0.0,0.0,0.0,0.0,0.0,0,7.0,7.0,132.0,22.0,1.0,156.0,3.0,1/17,52.0,7.09,44.0,0.0,0.0,1.0,17.0,7.0,7.0,1.0,1.0,0.142,0.0,0.0,0.0,0.0,0.0,0.0,0.0
MA Leask (POA),7.0,6.0,0.0,44.0,25.0,7.33,35.0,125.71,0.0,0.0,1.0,1.0,4.0,MA Leask ,0.0,0.0,0.0,0.0,0.0,0.0,0.0,0,0.0,0.0,0.0,0.0,0.0,0.0,0.0,0.0,0.0,0.0,0.0,0.0,0.0,0.0,0.0,0.0,0.0,0.0,0.0
MG Erasmus ,0.0,0.0,0.0,0.0,0.0,0.0,0.0,0.0,0.0,0.0,0.0,0.0,0.0,0,7.0,7.0,151.0,25.1,0.0,131.0,11.0,3/17,11.9,5.2,13.72,0.0,0.0,3.0,17.0,7.0,7.0,1.0,1.0,0.142,0.0,0.0,0.0,0.0,0.0,0.0,0.0
MG Erasmus (KAG),7.0,7.0,1.0,110.0,38.0,18.33,80.0,137.5,0.0,0.0,0.0,11.0,6.0,MG Erasmus ,0.0,0.0,0.0,0.0,0.0,0.0,0.0,0,0.0,0.0,0.0,0.0,0.0,0.0,0.0,0.0,0.0,0.0,0.0,0.0,0.0,0.0,0.0,0.0,0.0,0.0,0.0
MJ Guptill ,0.0,0.0,0.0,0.0,0.0,0.0,0.0,0.0,0.0,0.0,0.0,0.0,0.0,0,0.0,0.0,0.0,0.0,0.0,0.0,0.0,0,0.0,0.0,0.0,0.0,0.0,0.0,0.0,6.0,6.0,2.0,1.0,0.333,0.0,0.0,0.0,0.0,0.0,0.0,0.0
MJ Guptill (BIK),6.0,6.0,0.0,137.0,55.0,22.83,114.0,120.17,0.0,1.0,1.0,15.0,5.0,MJ Guptill ,0.0,0.0,0.0,0.0,0.0,0.0,0.0,0,0.0,0.0,0.0,0.0,0.0,0.0,0.0,0.0,0.0,0.0,0.0,0.0,0.0,0.0,0.0,0.0,0.0,0.0,0.0
MJJ Critchley ,0.0,0.0,0.0,0.0,0.0,0.0,0.0,0.0,0.0,0.0,0.0,0.0,0.0,0,4.0,4.0,54.0,9.0,0.0,96.0,1.0,1/29,96.0,10.66,54.0,0.0,0.0,1.0,29.0,4.0,4.0,1.0,1.0,0.25,0.0,0.0,0.0,0.0,0.0,0.0,0.0
MJJ Critchley (POA),4.0,3.0,0.0,52.0,35.0,17.33,55.0,94.54,0.0,0.0,1.0,5.0,1.0,MJJ Critchley ,0.0,0.0,0.0,0.0,0.0,0.0,0.0,0,0.0,0.0,0.0,0.0,0.0,0.0,0.0,0.0,0.0,0.0,0.0,0.0,0.0,0.0,0.0,0.0,0.0,0.0,0.0
Mayan Yadav (JAB),2.0,2.0,1.0,16.0,14.0,16.0,21.0,76.19,0.0,0.0,0.0,0.0,0.0,Mayan Yadav ,0.0,0.0,0.0,0.0,0.0,0.0,0.0,0,0.0,0.0,0.0,0.0,0.0,0.0,0.0,0.0,0.0,0.0,0.0,0.0,0.0,0.0,0.0,0.0,0.0,0.0,0.0
Mohammad Mohsin ,0.0,0.0,0.0,0.0,0.0,0.0,0.0,0.0,0.0,0.0,0.0,0.0,0.0,0,9.0,9.0,207.0,34.3,2.0,200.0,12.0,3/40,16.66,5.79,17.25,0.0,0.0,3.0,40.0,9.0,9.0,3.0,1.0,0.333,0.0,0.0,0.0,0.0,0.0,0.0,0.0
Mohammad Mohsin (JAB),9.0,6.0,1.0,42.0,13.0,8.4,40.0,105.0,0.0,0.0,0.0,5.0,1.0,Mohammad Mohsin ,0.0,0.0,0.0,0.0,0.0,0.0,0.0,0,0.0,0.0,0.0,0.0,0.0,0.0,0.0,0.0,0.0,0.0,0.0,0.0,0.0,0.0,0.0,0.0,0.0,0.0,0.0
N Bhatta (BIK),2.0,2.0,0.0,11.0,7.0,5.5,27.0,40.74,0.0,0.0,0.0,0.0,0.0,N Bhatta ,0.0,0.0,0.0,0.0,0.0,0.0,0.0,0,0.0,0.0,0.0,0.0,0.0,0.0,0.0,0.0,0.0,0.0,0.0,0.0,0.0,0.0,0.0,0.0,0.0,0.0,0.0
N Joshi (POA),6.0,5.0,2.0,38.0,30.0,12.66,33.0,115.15,0.0,0.0,1.0,3.0,2.0,N Joshi ,0.0,0.0,0.0,0.0,0.0,0.0,0.0,0,0.0,0.0,0.0,0.0,0.0,0.0,0.0,0.0,0.0,0.0,0.0,0.0,0.0,0.0,0.0,0.0,0.0,0.0,0.0
N Saud ,0.0,0.0,0.0,0.0,0.0,0.0,0.0,0.0,0.0,0.0,0.0,0.0,0.0,0,8.0,7.0,85.0,14.1,0.0,97.0,6.0,5/19,16.16,6.84,14.16,0.0,1.0,5.0,19.0,8.0,8.0,2.0,1.0,0.25,0.0,0.0,0.0,0.0,0.0,0.0,0.0
N Saud (SPR),8.0,3.0,1.0,14.0,10.0,7.0,13.0,107.69,0.0,0.0,0.0,0.0,1.0,N Saud ,0.0,0.0,0.0,0.0,0.0,0.0,0.0,0,0.0,0.0,0.0,0.0,0.0,0.0,0.0,0.0,0.0,0.0,0.0,0.0,0.0,0.0,0.0,0.0,0.0,0.0,0.0
NA Sowter ,0.0,0.0,0.0,0.0,0.0,0.0,0.0,0.0,0.0,0.0,0.0,0.0,0.0,0,3.0,3.0,54.0,9.0,0.0,86.0,1.0,1/32,86.0,9.55,54.0,0.0,0.0,1.0,32.0,0.0,0.0,0.0,0.0,0.0,0.0,0.0,0.0,0.0,0.0,0.0,0.0
NA Sowter (KAG),3.0,1.0,1.0,1.0,1.0,0.0,1.0,100.0,0.0,0.0,0.0,0.0,0.0,NA Sowter ,0.0,0.0,0.0,0.0,0.0,0.0,0.0,0,0.0,0.0,0.0,0.0,0.0,0.0,0.0,0.0,0.0,0.0,0.0,0.0,0.0,0.0,0.0,0.0,0.0,0.0,0.0
NB Budayair ,0.0,0.0,0.0,0.0,0.0,0.0,0.0,0.0,0.0,0.0,0.0,0.0,0.0,0,0.0,0.0,0.0,0.0,0.0,0.0,0.0,0,0.0,0.0,0.0,0.0,0.0,0.0,0.0,9.0,9.0,9.0,3.0,1.0,0.0,0.0,0.0,0.0,0.0,0.0,0.0
NB Budayair (SPR),9.0,4.0,2.0,28.0,9.0,14.0,22.0,127.27,0.0,0.0,0.0,2.0,1.0,NB Budayair ,0.0,0.0,0.0,0.0,0.0,0.0,0.0,0,0.0,0.0,0.0,0.0,0.0,0.0,0.0,0.0,0.0,0.0,0.0,0.0,0.0,0.0,0.0,0.0,0.0,0.0,0.0
NB Sarki ,0.0,0.0,0.0,0.0,0.0,0.0,0.0,0.0,0.0,0.0,0.0,0.0,0.0,0,0.0,0.0,0.0,0.0,0.0,0.0,0.0,0,0.0,0.0,0.0,0.0,0.0,0.0,0.0,1.0,1.0,0.0,0.0,0.0,0.0,0.0,0.0,0.0,0.0,0.0,0.0
NB Sarki (CHR),1.0,1.0,1.0,22.0,22.0,0.0,12.0,183.33,0.0,0.0,0.0,1.0,1.0,NB Sarki ,0.0,0.0,0.0,0.0,0.0,0.0,0.0,0,0.0,0.0,0.0,0.0,0.0,0.0,0.0,0.0,0.0,0.0,0.0,0.0,0.0,0.0,0.0,0.0,0.0,0.0,0.0
NK Yadav ,0.0,0.0,0.0,0.0,0.0,0.0,0.0,0.0,0.0,0.0,0.0,0.0,0.0,0,9.0,8.0,141.0,23.3,1.0,177.0,9.0,3/19,19.66,7.53,15.66,0.0,0.0,3.0,19.0,9.0,9.0,3.0,2.0,0.333,0.0,0.0,0.0,0.0,0.0,0.0,0.0
NK Yadav (KAY),9.0,5.0,2.0,4.0,4.0,1.33,16.0,25.0,0.0,0.0,3.0,0.0,0.0,NK Yadav ,0.0,0.0,0.0,0.0,0.0,0.0,0.0,0,0.0,0.0,0.0,0.0,0.0,0.0,0.0,0.0,0.0,0.0,0.0,0.0,0.0,0.0,0.0,0.0,0.0,0.0,0.0
NR Kirton ,0.0,0.0,0.0,0.0,0.0,0.0,0.0,0.0,0.0,0.0,0.0,0.0,0.0,0,0.0,0.0,0.0,0.0,0.0,0.0,0.0,0,0.0,0.0,0.0,0.0,0.0,0.0,0.0,7.0,7.0,2.0,2.0,0.285,0.0,0.0,0.0,0.0,0.0,0.0,0.0
NR Kirton (BIK),7.0,7.0,0.0,93.0,40.0,13.28,103.0,90.29,0.0,0.0,1.0,9.0,2.0,NR Kirton ,0.0,0.0,0.0,0.0,0.0,0.0,0.0,0,0.0,0.0,0.0,0.0,0.0,0.0,0.0,0.0,0.0,0.0,0.0,0.0,0.0,0.0,0.0,0.0,0.0,0.0,0.0
P Shrestha (KAG),5.0,4.0,0.0,73.0,39.0,18.25,65.0,112.3,0.0,0.0,0.0,3.0,5.0,P Shrestha ,0.0,0.0,0.0,0.0,0.0,0.0,0.0,0,0.0,0.0,0.0,0.0,0.0,0.0,0.0,0.0,0.0,0.0,0.0,0.0,0.0,0.0,0.0,0.0,0.0,0.0,0.0
Pratis GC ,0.0,0.0,0.0,0.0,0.0,0.0,0.0,0.0,0.0,0.0,0.0,0.0,0.0,0,6.0,6.0,114.0,19.0,1.0,127.0,9.0,4/17,14.11,6.68,12.66,2.0,0.0,4.0,17.0,6.0,6.0,4.0,2.0,0.666,0.0,0.0,0.0,0.0,0.0,0.0,0.0
Pratis GC (BIK),6.0,5.0,2.0,20.0,7.0,6.66,17.0,117.64,0.0,0.0,0.0,1.0,1.0,Pratis GC ,0.0,0.0,0.0,0.0,0.0,0.0,0.0,0,0.0,0.0,0.0,0.0,0.0,0.0,0.0,0.0,0.0,0.0,0.0,0.0,0.0,0.0,0.0,0.0,0.0,0.0,0.0
R Dhakal ,0.0,0.0,0.0,0.0,0.0,0.0,0.0,0.0,0.0,0.0,0.0,0.0,0.0,0,8.0,8.0,173.0,28.5,1.0,232.0,13.0,3/10,17.84,8.04,13.3,0.0,0.0,3.0,10.0,8.0,8.0,3.0,2.0,0.375,0.0,0.0,0.0,0.0,0.0,0.0,0.0
R Dhakal (CHR),8.0,2.0,1.0,22.0,15.0,22.0,18.0,122.22,0.0,0.0,0.0,2.0,0.0,R Dhakal ,0.0,0.0,0.0,0.0,0.0,0.0,0.0,0,0.0,0.0,0.0,0.0,0.0,0.0,0.0,0.0,0.0,0.0,0.0,0.0,0.0,0.0,0.0,0.0,0.0,0.0,0.0
R Kumar ,0.0,0.0,0.0,0.0,0.0,0.0,0.0,0.0,0.0,0.0,0.0,0.0,0.0,0,5.0,5.0,84.0,14.0,0.0,120.0,2.0,1/26,60.0,8.57,42.0,0.0,0.0,1.0,26.0,5.0,5.0,2.0,1.0,0.4,0.0,0.0,0.0,0.0,0.0,0.0,0.0
R Kumar (CHR),5.0,1.0,1.0,0.0,0.0,0.0,0.0,0.0,0.0,0.0,0.0,0.0,0.0,R Kumar ,0.0,0.0,0.0,0.0,0.0,0.0,0.0,0,0.0,0.0,0.0,0.0,0.0,0.0,0.0,0.0,0.0,0.0,0.0,0.0,0.0,0.0,0.0,0.0,0.0,0.0,0.0
R Rijal ,0.0,0.0,0.0,0.0,0.0,0.0,0.0,0.0,0.0,0.0,0.0,0.0,0.0,0,0.0,0.0,0.0,0.0,0.0,0.0,0.0,0,0.0,0.0,0.0,0.0,0.0,0.0,0.0,1.0,0.0,0.0,0.0,0.0,1.0,1.0,0.0,0.0,0.0,0.0,0.0
RA Reifer ,0.0,0.0,0.0,0.0,0.0,0.0,0.0,0.0,0.0,0.0,0.0,0.0,0.0,0,7.0,7.0,126.0,21.0,0.0,164.0,5.0,2/33,32.8,7.8,25.2,0.0,0.0,2.0,33.0,7.0,7.0,2.0,1.0,0.285,0.0,0.0,0.0,0.0,0.0,0.0,0.0
RA Reifer (POA),7.0,6.0,2.0,146.0,41.0,36.5,136.0,107.35,0.0,0.0,0.0,7.0,7.0,RA Reifer ,0.0,0.0,0.0,0.0,0.0,0.0,0.0,0,0.0,0.0,0.0,0.0,0.0,0.0,0.0,0.0,0.0,0.0,0.0,0.0,0.0,0.0,0.0,0.0,0.0,0.0,0.0
RK Paudel ,0.0,0.0,0.0,0.0,0.0,0.0,0.0,0.0,0.0,0.0,0.0,0.0,0.0,0,7.0,6.0,114.0,19.0,0.0,107.0,8.0,4/17,13.37,5.63,14.25,1.0,0.0,4.0,17.0,7.0,7.0,3.0,1.0,0.428,0.0,0.0,0.0,0.0,0.0,0.0,0.0
RK Paudel (LUL),7.0,7.0,0.0,279.0,95.0,39.85,212.0,131.6,0.0,2.0,0.0,26.0,11.0,RK Paudel ,0.0,0.0,0.0,0.0,0.0,0.0,0.0,0,0.0,0.0,0.0,0.0,0.0,0.0,0.0,0.0,0.0,0.0,0.0,0.0,0.0,0.0,0.0,0.0,0.0,0.0,0.0
RP Magar ,0.0,0.0,0.0,0.0,0.0,0.0,0.0,0.0,0.0,0.0,0.0,0.0,0.0,0,5.0,1.0,12.0,2.0,0.0,22.0,1.0,1/22,22.0,11.0,12.0,0.0,0.0,1.0,22.0,0.0,0.0,0.0,0.0,0.0,0.0,0.0,0.0,0.0,0.0,0.0,0.0
RP Magar (BIK),5.0,5.0,1.0,78.0,33.0,19.5,72.0,108.33,0.0,0.0,0.0,2.0,5.0,RP Magar ,0.0,0.0,0.0,0.0,0.0,0.0,0.0,0,0.0,0.0,0.0,0.0,0.0,0.0,0.0,0.0,0.0,0.0,0.0,0.0,0.0,0.0,0.0,0.0,0.0,0.0,0.0
RR Simmonds ,0.0,0.0,0.0,0.0,0.0,0.0,0.0,0.0,0.0,0.0,0.0,0.0,0.0,0,7.0,7.0,146.0,24.2,0.0,194.0,9.0,2/21,21.55,7.97,16.22,0.0,0.0,2.0,21.0,7.0,7.0,3.0,2.0,0.428,0.0,0.0,0.0,0.0,0.0,0.0,0.0
RR Simmonds (LUL),7.0,4.0,2.0,6.0,4.0,3.0,13.0,46.15,0.0,0.0,2.0,0.0,0.0,RR Simmonds ,0.0,0.0,0.0,0.0,0.0,0.0,0.0,0,0.0,0.0,0.0,0.0,0.0,0.0,0.0,0.0,0.0,0.0,0.0,0.0,0.0,0.0,0.0,0.0,0.0,0.0,0.0
RS Bopara ,0.0,0.0,0.0,0.0,0.0,0.0,0.0,0.0,0.0,0.0,0.0,0.0,0.0,0,8.0,4.0,54.0,9.0,0.0,58.0,2.0,1/8,29.0,6.44,27.0,0.0,0.0,1.0,8.0,8.0,8.0,2.0,1.0,0.25,0.0,0.0,0.0,0.0,0.0,0.0,0.0
RS Bopara (CHR),8.0,8.0,1.0,286.0,59.0,40.85,211.0,135.54,0.0,3.0,0.0,24.0,11.0,RS Bopara ,0.0,0.0,0.0,0.0,0.0,0.0,0.0,0,0.0,0.0,0.0,0.0,0.0,0.0,0.0,0.0,0.0,0.0,0.0,0.0,0.0,0.0,0.0,0.0,0.0,0.0,0.0
Rashid Khan ,0.0,0.0,0.0,0.0,0.0,0.0,0.0,0.0,0.0,0.0,0.0,0.0,0.0,0,7.0,6.0,104.0,17.2,0.0,136.0,6.0,3/43,22.66,7.84,17.33,0.0,0.0,3.0,43.0,7.0,7.0,1.0,1.0,0.142,0.0,0.0,0.0,0.0,0.0,0.0,0.0
Rashid Khan (KAG),7.0,7.0,1.0,29.0,14.0,4.83,53.0,54.71,0.0,0.0,1.0,1.0,1.0,Rashid Khan ,0.0,0.0,0.0,0.0,0.0,0.0,0.0,0,0.0,0.0,0.0,0.0,0.0,0.0,0.0,0.0,0.0,0.0,0.0,0.0,0.0,0.0,0.0,0.0,0.0,0.0,0.0
Rit Gautam (KAY),2.0,2.0,0.0,0.0,0.0,0.0,4.0,0.0,0.0,0.0,2.0,0.0,0.0,Rit Gautam ,0.0,0.0,0.0,0.0,0.0,0.0,0.0,0,0.0,0.0,0.0,0.0,0.0,0.0,0.0,0.0,0.0,0.0,0.0,0.0,0.0,0.0,0.0,0.0,0.0,0.0,0.0
Rohan Mustafa ,0.0,0.0,0.0,0.0,0.0,0.0,0.0,0.0,0.0,0.0,0.0,0.0,0.0,0,0.0,0.0,0.0,0.0,0.0,0.0,0.0,0,0.0,0.0,0.0,0.0,0.0,0.0,0.0,1.0,1.0,1.0,1.0,1.0,0.0,0.0,0.0,0.0,0.0,0.0,0.0
Rohan Mustafa (SPR),1.0,1.0,0.0,4.0,4.0,4.0,7.0,57.14,0.0,0.0,0.0,0.0,0.0,Rohan Mustafa ,0.0,0.0,0.0,0.0,0.0,0.0,0.0,0,0.0,0.0,0.0,0.0,0.0,0.0,0.0,0.0,0.0,0.0,0.0,0.0,0.0,0.0,0.0,0.0,0.0,0.0,0.0
S Aryal ,0.0,0.0,0.0,0.0,0.0,0.0,0.0,0.0,0.0,0.0,0.0,0.0,0.0,0,0.0,0.0,0.0,0.0,0.0,0.0,0.0,0,0.0,0.0,0.0,0.0,0.0,0.0,0.0,1.0,1.0,1.0,1.0,1.0,0.0,0.0,0.0,0.0,0.0,0.0,0.0
S Aryal (POA),1.0,1.0,0.0,0.0,0.0,0.0,0.0,0.0,0.0,0.0,1.0,0.0,0.0,S Aryal ,0.0,0.0,0.0,0.0,0.0,0.0,0.0,0,0.0,0.0,0.0,0.0,0.0,0.0,0.0,0.0,0.0,0.0,0.0,0.0,0.0,0.0,0.0,0.0,0.0,0.0,0.0
S Dhakal ,0.0,0.0,0.0,0.0,0.0,0.0,0.0,0.0,0.0,0.0,0.0,0.0,0.0,0,7.0,7.0,150.0,25.0,0.0,164.0,5.0,2/15,32.8,6.56,30.0,0.0,0.0,2.0,15.0,7.0,7.0,3.0,1.0,0.428,0.0,0.0,0.0,0.0,0.0,0.0,0.0
S Dhakal (POA),7.0,4.0,4.0,2.0,1.0,0.0,5.0,40.0,0.0,0.0,0.0,0.0,0.0,S Dhakal ,0.0,0.0,0.0,0.0,0.0,0.0,0.0,0,0.0,0.0,0.0,0.0,0.0,0.0,0.0,0.0,0.0,0.0,0.0,0.0,0.0,0.0,0.0,0.0,0.0,0.0,0.0
S Dhawan ,0.0,0.0,0.0,0.0,0.0,0.0,0.0,0.0,0.0,0.0,0.0,0.0,0.0,0,0.0,0.0,0.0,0.0,0.0,0.0,0.0,0,0.0,0.0,0.0,0.0,0.0,0.0,0.0,4.0,4.0,1.0,1.0,0.25,0.0,0.0,0.0,0.0,0.0,0.0,0.0
S Dhawan (KAY),4.0,4.0,1.0,136.0,72.0,45.33,111.0,122.52,0.0,1.0,0.0,12.0,6.0,S Dhawan ,0.0,0.0,0.0,0.0,0.0,0.0,0.0,0,0.0,0.0,0.0,0.0,0.0,0.0,0.0,0.0,0.0,0.0,0.0,0.0,0.0,0.0,0.0,0.0,0.0,0.0,0.0
S Jora ,0.0,0.0,0.0,0.0,0.0,0.0,0.0,0.0,0.0,0.0,0.0,0.0,0.0,0,7.0,2.0,18.0,3.0,0.0,22.0,1.0,1/13,22.0,7.33,18.0,0.0,0.0,1.0,13.0,7.0,7.0,5.0,3.0,0.714,0.0,0.0,0.0,0.0,0.0,0.0,0.0
S Jora (LUL),7.0,7.0,1.0,120.0,26.0,20.0,115.0,104.34,0.0,0.0,0.0,6.0,5.0,S Jora ,0.0,0.0,0.0,0.0,0.0,0.0,0.0,0,0.0,0.0,0.0,0.0,0.0,0.0,0.0,0.0,0.0,0.0,0.0,0.0,0.0,0.0,0.0,0.0,0.0,0.0,0.0
S Kansakar (JAB),10.0,6.0,1.0,71.0,26.0,14.2,76.0,93.42,0.0,0.0,1.0,7.0,3.0,S Kansakar ,0.0,0.0,0.0,0.0,0.0,0.0,0.0,0,0.0,0.0,0.0,0.0,0.0,0.0,0.0,0.0,0.0,0.0,0.0,0.0,0.0,0.0,0.0,0.0,0.0,0.0,0.0
S Karki ,0.0,0.0,0.0,0.0,0.0,0.0,0.0,0.0,0.0,0.0,0.0,0.0,0.0,0,0.0,0.0,0.0,0.0,0.0,0.0,0.0,0,0.0,0.0,0.0,0.0,0.0,0.0,0.0,8.0,8.0,2.0,1.0,0.25,0.0,0.0,0.0,0.0,0.0,0.0,0.0
S Karki (CHR),8.0,7.0,1.0,108.0,28.0,18.0,111.0,97.29,0.0,0.0,0.0,8.0,3.0,S Karki ,0.0,0.0,0.0,0.0,0.0,0.0,0.0,0,0.0,0.0,0.0,0.0,0.0,0.0,0.0,0.0,0.0,0.0,0.0,0.0,0.0,0.0,0.0,0.0,0.0,0.0,0.0
S Lamichhane ,0.0,0.0,0.0,0.0,0.0,0.0,0.0,0.0,0.0,0.0,0.0,0.0,0.0,0,7.0,7.0,168.0,28.0,0.0,191.0,6.0,3/19,31.83,6.82,28.0,0.0,0.0,3.0,19.0,7.0,7.0,1.0,1.0,0.142,0.0,0.0,0.0,0.0,0.0,0.0,0.0
S Lamichhane (BIK),7.0,5.0,1.0,22.0,8.0,5.5,20.0,110.0,0.0,0.0,1.0,1.0,1.0,S Lamichhane ,0.0,0.0,0.0,0.0,0.0,0.0,0.0,0,0.0,0.0,0.0,0.0,0.0,0.0,0.0,0.0,0.0,0.0,0.0,0.0,0.0,0.0,0.0,0.0,0.0,0.0,0.0
S Maharjan (KAG),5.0,5.0,1.0,87.0,40.0,21.75,95.0,91.57,0.0,0.0,1.0,7.0,1.0,S Maharjan ,0.0,0.0,0.0,0.0,0.0,0.0,0.0,0,0.0,0.0,0.0,0.0,0.0,0.0,0.0,0.0,0.0,0.0,0.0,0.0,0.0,0.0,0.0,0.0,0.0,0.0,0.0
S Malla ,0.0,0.0,0.0,0.0,0.0,0.0,0.0,0.0,0.0,0.0,0.0,0.0,0.0,0,8.0,7.0,117.0,19.3,0.0,132.0,7.0,3/11,18.85,6.76,16.71,0.0,0.0,3.0,11.0,8.0,8.0,1.0,1.0,0.125,0.0,0.0,0.0,0.0,0.0,0.0,0.0
S Malla (JAB),8.0,5.0,1.0,24.0,16.0,6.0,27.0,88.88,0.0,0.0,2.0,0.0,1.0,S Malla ,0.0,0.0,0.0,0.0,0.0,0.0,0.0,0,0.0,0.0,0.0,0.0,0.0,0.0,0.0,0.0,0.0,0.0,0.0,0.0,0.0,0.0,0.0,0.0,0.0,0.0,0.0
S Rana ,0.0,0.0,0.0,0.0,0.0,0.0,0.0,0.0,0.0,0.0,0.0,0.0,0.0,0,0.0,0.0,0.0,0.0,0.0,0.0,0.0,0,0.0,0.0,0.0,0.0,0.0,0.0,0.0,4.0,4.0,1.0,1.0,0.25,0.0,0.0,0.0,0.0,0.0,0.0,0.0
S Rana (KAG),4.0,4.0,1.0,41.0,16.0,13.66,51.0,80.39,0.0,0.0,0.0,3.0,1.0,S Rana ,0.0,0.0,0.0,0.0,0.0,0.0,0.0,0,0.0,0.0,0.0,0.0,0.0,0.0,0.0,0.0,0.0,0.0,0.0,0.0,0.0,0.0,0.0,0.0,0.0,0.0,0.0
S Vesawkar ,0.0,0.0,0.0,0.0,0.0,0.0,0.0,0.0,0.0,0.0,0.0,0.0,0.0,0,4.0,2.0,36.0,6.0,0.0,53.0,1.0,1/37,53.0,8.83,36.0,0.0,0.0,1.0,37.0,4.0,4.0,2.0,1.0,0.5,0.0,0.0,0.0,0.0,0.0,0.0,0.0
S Vesawkar (CHR),4.0,4.0,4.0,38.0,11.0,0.0,46.0,82.6,0.0,0.0,0.0,2.0,0.0,S Vesawkar ,0.0,0.0,0.0,0.0,0.0,0.0,0.0,0,0.0,0.0,0.0,0.0,0.0,0.0,0.0,0.0,0.0,0.0,0.0,0.0,0.0,0.0,0.0,0.0,0.0,0.0,0.0
SA Edwards ,0.0,0.0,0.0,0.0,0.0,0.0,0.0,0.0,0.0,0.0,0.0,0.0,0.0,0,0.0,0.0,0.0,0.0,0.0,0.0,0.0,0,0.0,0.0,0.0,0.0,0.0,0.0,0.0,3.0,0.0,0.0,0.0,0.0,3.0,3.0,2.0,2.0,0.0,1.0,0.666
SA Edwards (BIK),3.0,3.0,0.0,60.0,45.0,20.0,53.0,113.2,0.0,0.0,1.0,6.0,0.0,SA Edwards ,0.0,0.0,0.0,0.0,0.0,0.0,0.0,0,0.0,0.0,0.0,0.0,0.0,0.0,0.0,0.0,0.0,0.0,0.0,0.0,0.0,0.0,0.0,0.0,0.0,0.0,0.0
SA Zaib ,0.0,0.0,0.0,0.0,0.0,0.0,0.0,0.0,0.0,0.0,0.0,0.0,0.0,0,9.0,9.0,145.0,24.1,0.0,151.0,12.0,3/33,12.58,6.24,12.08,0.0,0.0,3.0,33.0,0.0,0.0,0.0,0.0,0.0,0.0,0.0,0.0,0.0,0.0,0.0,0.0
SA Zaib (SPR),9.0,9.0,0.0,275.0,90.0,30.55,202.0,136.13,0.0,2.0,0.0,24.0,12.0,SA Zaib ,0.0,0.0,0.0,0.0,0.0,0.0,0.0,0,0.0,0.0,0.0,0.0,0.0,0.0,0.0,0.0,0.0,0.0,0.0,0.0,0.0,0.0,0.0,0.0,0.0,0.0,0.0
SC Kuggeleijn ,0.0,0.0,0.0,0.0,0.0,0.0,0.0,0.0,0.0,0.0,0.0,0.0,0.0,0,9.0,9.0,173.0,28.5,1.0,210.0,17.0,5/18,12.35,7.28,10.17,0.0,1.0,5.0,18.0,9.0,9.0,4.0,1.0,0.444,0.0,0.0,0.0,0.0,0.0,0.0,0.0
SC Kuggeleijn (SPR),9.0,7.0,2.0,66.0,16.0,13.2,45.0,146.66,0.0,0.0,0.0,7.0,2.0,SC Kuggeleijn ,0.0,0.0,0.0,0.0,0.0,0.0,0.0,0,0.0,0.0,0.0,0.0,0.0,0.0,0.0,0.0,0.0,0.0,0.0,0.0,0.0,0.0,0.0,0.0,0.0,0.0,0.0
SM Dhakal ,0.0,0.0,0.0,0.0,0.0,0.0,0.0,0.0,0.0,0.0,0.0,0.0,0.0,0,1.0,1.0,13.0,2.1,0.0,25.0,1.0,1/25,25.0,11.53,13.0,0.0,0.0,1.0,25.0,1.0,1.0,0.0,0.0,0.0,0.0,0.0,0.0,0.0,0.0,0.0,0.0
SS Eskinazi ,0.0,0.0,0.0,0.0,0.0,0.0,0.0,0.0,0.0,0.0,0.0,0.0,0.0,0,0.0,0.0,0.0,0.0,0.0,0.0,0.0,0,0.0,0.0,0.0,0.0,0.0,0.0,0.0,7.0,1.0,0.0,0.0,0.0,7.0,6.0,3.0,1.0,2.0,2.0,0.5
SS Eskinazi (KAG),7.0,7.0,0.0,133.0,60.0,19.0,115.0,115.65,0.0,1.0,0.0,19.0,1.0,SS Eskinazi ,0.0,0.0,0.0,0.0,0.0,0.0,0.0,0,0.0,0.0,0.0,0.0,0.0,0.0,0.0,0.0,0.0,0.0,0.0,0.0,0.0,0.0,0.0,0.0,0.0,0.0,0.0
Saad Bin Zafar ,0.0,0.0,0.0,0.0,0.0,0.0,0.0,0.0,0.0,0.0,0.0,0.0,0.0,0,7.0,7.0,150.0,25.0,0.0,171.0,9.0,3/21,19.0,6.84,16.66,0.0,0.0,3.0,21.0,7.0,7.0,6.0,2.0,0.857,0.0,0.0,0.0,0.0,0.0,0.0,0.0
Saad Bin Zafar (LUL),7.0,6.0,0.0,83.0,52.0,13.83,63.0,131.74,0.0,1.0,3.0,5.0,2.0,Saad Bin Zafar ,0.0,0.0,0.0,0.0,0.0,0.0,0.0,0,0.0,0.0,0.0,0.0,0.0,0.0,0.0,0.0,0.0,0.0,0.0,0.0,0.0,0.0,0.0,0.0,0.0,0.0,0.0
Shahab Alam ,0.0,0.0,0.0,0.0,0.0,0.0,0.0,0.0,0.0,0.0,0.0,0.0,0.0,0,7.0,7.0,138.0,23.0,0.0,125.0,6.0,3/20,20.83,5.43,23.0,0.0,0.0,3.0,20.0,7.0,7.0,3.0,2.0,0.428,0.0,0.0,0.0,0.0,0.0,0.0,0.0
Shahab Alam (KAG),7.0,6.0,2.0,20.0,8.0,5.0,28.0,71.42,0.0,0.0,0.0,1.0,1.0,Shahab Alam ,0.0,0.0,0.0,0.0,0.0,0.0,0.0,0,0.0,0.0,0.0,0.0,0.0,0.0,0.0,0.0,0.0,0.0,0.0,0.0,0.0,0.0,0.0,0.0,0.0,0.0,0.0
Sohail Tanvir ,0.0,0.0,0.0,0.0,0.0,0.0,0.0,0.0,0.0,0.0,0.0,0.0,0.0,0,8.0,8.0,182.0,30.2,1.0,174.0,14.0,5/21,12.42,5.73,13.0,0.0,1.0,5.0,21.0,8.0,8.0,1.0,1.0,0.125,0.0,0.0,0.0,0.0,0.0,0.0,0.0
Sohail Tanvir (CHR),8.0,6.0,2.0,11.0,5.0,2.75,13.0,84.61,0.0,0.0,2.0,2.0,0.0,Sohail Tanvir ,0.0,0.0,0.0,0.0,0.0,0.0,0.0,0,0.0,0.0,0.0,0.0,0.0,0.0,0.0,0.0,0.0,0.0,0.0,0.0,0.0,0.0,0.0,0.0,0.0,0.0,0.0
Sompal Kami ,0.0,0.0,0.0,0.0,0.0,0.0,0.0,0.0,0.0,0.0,0.0,0.0,0.0,0,9.0,9.0,179.0,29.5,1.0,240.0,9.0,2/22,26.66,8.04,19.88,0.0,0.0,2.0,22.0,9.0,9.0,2.0,1.0,0.222,0.0,0.0,0.0,0.0,0.0,0.0,0.0
Sompal Kami (KAY),9.0,6.0,3.0,52.0,29.0,17.33,34.0,152.94,0.0,0.0,0.0,5.0,2.0,Sompal Kami ,0.0,0.0,0.0,0.0,0.0,0.0,0.0,0,0.0,0.0,0.0,0.0,0.0,0.0,0.0,0.0,0.0,0.0,0.0,0.0,0.0,0.0,0.0,0.0,0.0,0.0,0.0
Subash Bhandari ,0.0,0.0,0.0,0.0,0.0,0.0,0.0,0.0,0.0,0.0,0.0,0.0,0.0,0,3.0,2.0,25.0,4.1,0.0,31.0,1.0,1/27,31.0,7.44,25.0,0.0,0.0,1.0,27.0,0.0,0.0,0.0,0.0,0.0,0.0,0.0,0.0,0.0,0.0,0.0,0.0
Subash Bhandari (BIK),3.0,1.0,0.0,6.0,6.0,6.0,10.0,60.0,0.0,0.0,0.0,0.0,0.0,Subash Bhandari ,0.0,0.0,0.0,0.0,0.0,0.0,0.0,0,0.0,0.0,0.0,0.0,0.0,0.0,0.0,0.0,0.0,0.0,0.0,0.0,0.0,0.0,0.0,0.0,0.0,0.0,0.0
Surya Tamang ,0.0,0.0,0.0,0.0,0.0,0.0,0.0,0.0,0.0,0.0,0.0,0.0,0.0,0,4.0,4.0,89.0,14.5,0.0,111.0,1.0,1/18,111.0,7.48,89.0,0.0,0.0,1.0,18.0,0.0,0.0,0.0,0.0,0.0,0.0,0.0,0.0,0.0,0.0,0.0,0.0
Surya Tamang (LUL),4.0,2.0,1.0,18.0,11.0,18.0,19.0,94.73,0.0,0.0,0.0,2.0,0.0,Surya Tamang ,0.0,0.0,0.0,0.0,0.0,0.0,0.0,0,0.0,0.0,0.0,0.0,0.0,0.0,0.0,0.0,0.0,0.0,0.0,0.0,0.0,0.0,0.0,0.0,0.0,0.0,0.0
TB Thapa ,0.0,0.0,0.0,0.0,0.0,0.0,0.0,0.0,0.0,0.0,0.0,0.0,0.0,0,0.0,0.0,0.0,0.0,0.0,0.0,0.0,0,0.0,0.0,0.0,0.0,0.0,0.0,0.0,3.0,3.0,1.0,1.0,0.333,0.0,0.0,0.0,0.0,0.0,0.0,0.0
TJ Moores (LUL),7.0,7.0,0.0,165.0,45.0,23.57,130.0,126.92,0.0,0.0,0.0,10.0,9.0,TJ Moores ,0.0,0.0,0.0,0.0,0.0,0.0,0.0,0,0.0,0.0,0.0,0.0,0.0,0.0,0.0,0.0,0.0,0.0,0.0,0.0,0.0,0.0,0.0,0.0,0.0,0.0,0.0
TR Bhandari ,0.0,0.0,0.0,0.0,0.0,0.0,0.0,0.0,0.0,0.0,0.0,0.0,0.0,0,1.0,1.0,24.0,4.0,0.0,23.0,2.0,2/23,11.5,5.75,12.0,0.0,0.0,2.0,23.0,1.0,1.0,0.0,0.0,0.0,0.0,0.0,0.0,0.0,0.0,0.0,0.0
TR Bhandari (LUL),1.0,1.0,1.0,3.0,3.0,0.0,5.0,60.0,0.0,0.0,0.0,0.0,0.0,TR Bhandari ,0.0,0.0,0.0,0.0,0.0,0.0,0.0,0,0.0,0.0,0.0,0.0,0.0,0.0,0.0,0.0,0.0,0.0,0.0,0.0,0.0,0.0,0.0,0.0,0.0,0.0,0.0
TR Das ,0.0,0.0,0.0,0.0,0.0,0.0,0.0,0.0,0.0,0.0,0.0,0.0,0.0,0,0.0,0.0,0.0,0.0,0.0,0.0,0.0,0,0.0,0.0,0.0,0.0,0.0,0.0,0.0,1.0,1.0,0.0,0.0,0.0,0.0,0.0,0.0,0.0,0.0,0.0,0.0
TR Das (POA),1.0,1.0,0.0,0.0,0.0,0.0,1.0,0.0,0.0,0.0,1.0,0.0,0.0,TR Das ,0.0,0.0,0.0,0.0,0.0,0.0,0.0,0,0.0,0.0,0.0,0.0,0.0,0.0,0.0,0.0,0.0,0.0,0.0,0.0,0.0,0.0,0.0,0.0,0.0,0.0,0.0
UBS Thakuri ,0.0,0.0,0.0,0.0,0.0,0.0,0.0,0.0,0.0,0.0,0.0,0.0,0.0,0,5.0,5.0,54.0,9.0,0.0,64.0,2.0,1/17,32.0,7.11,27.0,0.0,0.0,1.0,17.0,5.0,5.0,1.0,1.0,0.2,0.0,0.0,0.0,0.0,0.0,0.0,0.0
UBS Thakuri (KAY),5.0,2.0,0.0,12.0,12.0,6.0,18.0,66.66,0.0,0.0,1.0,2.0,0.0,UBS Thakuri ,0.0,0.0,0.0,0.0,0.0,0.0,0.0,0,0.0,0.0,0.0,0.0,0.0,0.0,0.0,0.0,0.0,0.0,0.0,0.0,0.0,0.0,0.0,0.0,0.0,0.0,0.0
UBT Chand ,0.0,0.0,0.0,0.0,0.0,0.0,0.0,0.0,0.0,0.0,0.0,0.0,0.0,0,0.0,0.0,0.0,0.0,0.0,0.0,0.0,0,0.0,0.0,0.0,0.0,0.0,0.0,0.0,4.0,3.0,2.0,1.0,0.666,4.0,1.0,0.0,0.0,0.0,0.0,0.0
UBT Chand (LUL),4.0,4.0,0.0,18.0,14.0,4.5,29.0,62.06,0.0,0.0,2.0,2.0,0.0,UBT Chand ,0.0,0.0,0.0,0.0,0.0,0.0,0.0,0,0.0,0.0,0.0,0.0,0.0,0.0,0.0,0.0,0.0,0.0,0.0,0.0,0.0,0.0,0.0,0.0,0.0,0.0,0.0
WG Bosisto ,0.0,0.0,0.0,0.0,0.0,0.0,0.0,0.0,0.0,0.0,0.0,0.0,0.0,0,7.0,7.0,144.0,24.0,1.0,164.0,9.0,6/28,18.22,6.83,16.0,0.0,1.0,6.0,28.0,7.0,7.0,3.0,2.0,0.428,0.0,0.0,0.0,0.0,0.0,0.0,0.0
WG Bosisto (KAY),7.0,6.0,1.0,194.0,66.0,38.8,163.0,119.01,0.0,2.0,0.0,13.0,8.0,WG Bosisto ,0.0,0.0,0.0,0.0,0.0,0.0,0.0,0,0.0,0.0,0.0,0.0,0.0,0.0,0.0,0.0,0.0,0.0,0.0,0.0,0.0,0.0,0.0,0.0,0.0,0.0,0.0
Z Malik (POA),2.0,2.0,0.0,14.0,10.0,7.0,24.0,58.33,0.0,0.0,0.0,0.0,0.0,Z Malik ,0.0,0.0,0.0,0.0,0.0,0.0,0.0,0,0.0,0.0,0.0,0.0,0.0,0.0,0.0,0.0,0.0,0.0,0.0,0.0,0.0,0.0,0.0,0.0,0.0,0.0,0.0
Zeeshan Maqsood ,0.0,0.0,0.0,0.0,0.0,0.0,0.0,0.0,0.0,0.0,0.0,0.0,0.0,0,9.0,9.0,198.0,33.0,0.0,177.0,10.0,3/26,17.7,5.36,19.8,0.0,0.0,3.0,26.0,0.0,0.0,0.0,0.0,0.0,0.0,0.0,0.0,0.0,0.0,0.0,0.0
Zeeshan Maqsood (KAY),9.0,8.0,3.0,85.0,30.0,17.0,90.0,94.44,0.0,0.0,1.0,9.0,1.0,Zeeshan Maqsood ,0.0,0.0,0.0,0.0,0.0,0.0,0.0,0,0.0,0.0,0.0,0.0,0.0,0.0,0.0,0.0,0.0,0.0,0.0,0.0,0.0,0.0,0.0,0.0,0.0,0.0,0.0
